Key,English,Korean,Portuguese,Japanese,Spanish,Thai,Indonesian,Russian,ChineseSimplified,ChineseTraditional,Tagalog,Vietnam
SKILL_NAME_100000,Normal Attack,기본 공격,Ataque Normal,基本攻撃,Ataque normal,โจมตีปกติ,Serangan Biasa,,普通攻击,普通攻擊,Normal na Atake,Tấn công bình thường
SKILL_NAME_100001,Bash Attack,일격,Ataque Estonteante,一撃,Ataque directo,ระเบิดโจมตี,Serangan Pukulan,,打击攻击,猛擊攻擊,Malakas na Hampas,Tấn công bash
SKILL_NAME_100003,Double Attack,연사,Ataque Duplo,連撃,Ataque doble,โจมตีสองครั้ง,Serangan Ganda,,双重攻击,雙重攻擊,Dalawang Atake,Tấn công kép
SKILL_NAME_100004,Double Attack(Area),연사(전체),Ataque Duplo(Área),連撃（エリア）,Ataque doble (Área),โจมตีสองครั้ง (พื้นที่),Serangan Ganda (Area),,双重攻击（区域）,雙重攻擊（區域）,Dalawang Atake(Malawakan),Tấn công kép (khu vực)
SKILL_NAME_100005,Area Attack,광역 난사,Ataque em Área,広域乱射,Ataque en area,โจมตี แบบพื้นที่,Serangan Area,,区域攻击,區域攻擊,Malawakang Atake,Tấn công khu vực
SKILL_NAME_110000,Fire Attack,불 공격,Ataque de fogo,火の攻撃,Ataque de fuego,โจมตีด้วยไฟ,Serangan Api,,火攻击,火災攻擊,Apoy na Atake,Tấn công hỏa hoạn
SKILL_NAME_110001,Flame Blow Attack,불꽃 일격,Sopro Flamejante,炎の一撃,Ataque golpe de flama,โจมตีด้วยเปลวไฟ,Serangan Pukulan Api,,火焰打击攻击,火焰打擊攻擊,Atakeng Bumubuga ng Apoy,Ngọn lửa tấn công
SKILL_NAME_110002,Flame Blow Attack (Area),불꽃 일격(전체),Sopro Flamejante(Área),炎の一撃（エリア）,Ataque golpe de flama (Área),โจมตีด้วยเปลวไฟ (หมู่),Serangan Pukulan Api (Area),,火焰打击攻击（区域）,火焰打擊攻擊（區域）,Atakeng Bumubuga ng Apoy(Malawakan),Flame Blow Attack (khu vực)
SKILL_NAME_110003,Flame Double Attack,불꽃 연사,Ataque Duplo de Chama,炎の連撃,Ataque de flama doble,โจมตีด้วยเปลวไฟสองครั้ง,Serangan Api Ganda,,火焰双重攻击,火焰雙重攻擊,Dobleng Atake na Umaapoy,Ngọn lửa tấn công đôi
SKILL_NAME_110004,Flame Double Attack (Area),불꽃 연사(전체),Ataque Duplo de Chama (Área),炎の連撃（エリア）,Ataque de flama doble (Área),โจมตีด้วยเปลวไฟสองครั้ง (หมู่),Serangan Api Ganda (Area),,火焰双重攻击（区域）,火焰雙重攻擊（區域）,Dobleng Atake na Umaapoy(Malawakan),Ngọn lửa tấn công đôi (khu vực)
SKILL_NAME_110005,Magma Tsunami,용암 해일,Tsunami de Magma,溶岩ウェーブ,Tsunami de magma,สึนามิลาวา,Tsunami Magma,,岩浆海啸,岩漿海嘯,Tsunami ng Magma,Tsunami Magma
SKILL_NAME_120000,Water Attack,물 공격,Ataque de Água,水の攻撃,Ataque acuático,โจมตีทางน้ำ,Serangan Air,,水攻击,水攻擊,Tubig na Atake,Tấn công nước
SKILL_NAME_120001,Ice Blow Attack,얼음 일격,Sopro Congelante,氷の一撃,Ataque golpe de hielo,โจมตีน้ำแข็ง,Serangan Pukulan Es,,冰攻击,冰打擊攻擊,Atakeng Bumubuga ng Yelo,Đập băng
SKILL_NAME_120002,Ice Blow Attack (Area),얼음 일격(전체),Sopro Congelante (Área),氷の一撃（エリア）,Ataque golpe de hielo (Área),โจมตีน้ำแข็ง (หมู่),Serangan Pukulan Es (Area),,冰攻击 （区域）,冰打擊攻擊（區域）,Atakeng Bumubuga ng Yelo(Malawakan),Tấn công thổi băng (khu vực)
SKILL_NAME_120003,Ice Double Attack,얼음 연사,Ataque Duplo de Gelo,氷の連撃,Ataque de hielo doble,โจมตีน้ำแข็งสองครั้ง,Serangan Es Ganda,,冰双攻击,冰雙攻擊,Dobleng Atakeng Yelo,Băng tấn công đôi
SKILL_NAME_120004,Ice Double Attack (Area),얼음 연사(전체),Ataque Duplo de Gelo (Área),氷の連撃（エリア）,Ataque de hielo doble (Área),โจมตีน้ำแข็งสองครั้ง (หมู่),Serangan Es Ganda (Area),,冰双攻击（区域）,冰雙攻擊（區域）,Dobleng Atakeng Yelo(Malawakan),Băng tấn công đôi (khu vực)
SKILL_NAME_120005,Ice Tsunami,얼음 해일,Tsunami de Gelo,氷のウェーブ,Tsunami de Hielo,สึนามิน้ำแข็ง,Tunami Es,,冰海啸,冰海嘯,Tsunami ng Yelo,Tsunami băng
SKILL_NAME_130000,Land Attack,땅 공격,Ataque de Terra,地の攻撃,Ataque Terrestre,โจมตีดิน,Serangan Tanah,,土攻击,土攻擊,Atakeng Lupa,Tấn công đất đai
SKILL_NAME_130001,Sand Blow Attack,모래 일격,Sopro de Areia,砂の一撃,Ataque Golpe de arena,โจมตีด้วยทราย,Serangan Pukulan Pasir,,沙尘攻击,沙擊攻擊,Atakeng Bumubuga ng Buhangin,Đất cát tấn công
SKILL_NAME_130002,Sand Blow Attack (Area),모래 일격(전체),Sopro de Areia (Área),砂の一撃（エリア）,Ataque Golpe de arena (Área),โจมตีด้วยทราย (หมู่),Serangan Pukulan Pasir (Area),,沙尘攻击（区域）,沙擊攻擊（區域）,Atakeng Bumubuga ng Buhangin(Malawakan),Tấn công thổi cát (khu vực)
SKILL_NAME_130003,Sand Double Attack,모래 연사,Ataque Duplo de Areia,砂の連撃,Ataque de Arena Doble,โจมตีด้วยทรายสองครั้ง,Serangan Pasir Ganda,,沙尘双重攻击,沙雙攻擊,Dobleng Buhangin na Atake,Cát đôi tấn công
SKILL_NAME_130004,Sand Double Attack (Area),모래 연사(전체),Ataque Duplo de Areia (Área),砂の連撃（エリア）,Ataque de arena Doble (Área),โจมตีด้วยทรายสองครั้ง (หมู่),Serangan Pasir Ganda (Area),,沙尘双重攻击（区域）,沙雙攻擊（區域）,Dobleng Buhangin na atake(Malawakan),Cát đôi tấn công (khu vực)
SKILL_NAME_130005,Sand Storm,모래 폭풍,Tempestade de Areia,砂嵐,Tormenta de arena,พายุทราย,Badai Pasir,,沙尘暴,沙風暴,Bagyo ng Buhangin,Bão cát
SKILL_NAME_140000,Wind Attack,바람 공격,Ataque de Vento,風の攻撃,Ataque de aire,โจมตีด้วยลม,Serangan Angin,,风袭,風攻擊,Hangin na Atake,Tấn công gió
SKILL_NAME_140001,Wind Blow Attack,바람 일격,Sopro de Vento,風の一撃,Ataque Golpe de aire,โจมตีด้วยลมพัด,Serangan Pukulan Angin,,风 打击攻击,風吹攻擊,Atakeng Bumubuga ng Hangin,Gió thổi
SKILL_NAME_140002,Wind Blow Attack (Area),바람 일격(전체),Sopro de Vento (Área),風の一撃（エリア）,Ataque Golpe de aire (Área),โจมตีด้วยลมพัด (หมู่),Serangan Pukulan Angin (Area),,风打击攻击（区域）,風吹攻擊（區域）,Atakeng Bumubuga ng Hangin(Malawakan),Cơn gió tấn công (khu vực)
SKILL_NAME_140003,Wind Double Attack,바람 연사,Ataque Duplo de Vento,風の連撃,Ataque De Aire Doble,โจมตีด้วยลมพัดสองครั้ง,Serangan Angin Ganda,,风双重攻击,風雙重攻擊,Dobleng Hangin na Atake,Gió đôi tấn công
SKILL_NAME_140004,Wind Double Attack (Area),바람 연사(전체),Ataque Duplo de Vento (Área),風の連撃（エリア）,Ataque De Aire Doble (Área),โจมตีด้วยลมพัดสองครั้ง (หมู่),Serangan Angin Ganda (Area),,风双重攻击（区域）,風雙重攻擊（區域）,Dobleng Hangin na Atake(Malawakan),Tấn công đôi gió (khu vực)
SKILL_NAME_140005,Huge Typhoon,거대 태풍,Tufão Gigante,巨大台風,Tifón Gigante,พายุไต้ฝุ่นขนาดใหญ่,Topan Besar,,龙卷风,颱風,Malaking Unos,Typhoon khổng lồ
SKILL_NAME_200000,Increases Health,체력 증가,Aumento de HP,HP上昇,Incremento de salud,เพิ่ม HP,meningkatkan HP,,生命增加,增加生命值,Nag tataas ng Buhay,Tăng sức khỏe
SKILL_NAME_200001,Increases Health (Area),체력 증가(전체),Aumento de HP (Área),HP上昇（エリア）,Incremento de salud (Área),เพิ่ม HP หมู่,Meningkatkan HP (Area),,团队生命增加,增加生命值（區域）,Nag tataas ng Buhay(Malawakan),Tăng sức khỏe (khu vực)
SKILL_NAME_210000,Increases Attack,공격 강화,Aumento de Ataque,ATK強化,Incremento de ataque,เพิ่มพลังโจมตี,Meningkatkan Serangan,,攻击增加,增加攻擊,Nag tataas ng Atake,Tăng tấn công
SKILL_NAME_210001,Increases Attack (Area),공격 강화(전체),Aumento de Ataque (Área),ATK強化（エリア）,Incremento de Ataque (Área),เพิ่มพลังโจมตีหมู่,Meningkatkan Serangan (Area),,团队攻击增加,增加攻擊（區域）,Nag tataas ng Atake(Malawakan),Tăng tấn công (khu vực)
SKILL_NAME_210002,Decreases Attack,공격 약화,Redução de Ataque,ATK弱化,Disminuye Ataque,ลดพลังโจมตี,Melemahkan Serangan,,减少攻击,減少攻擊,Nagbababa ng Atake,Giảm tấn công
SKILL_NAME_210003,Decreases Attack (Area),공격 약화(전체),Redução de Ataque (Área),ATK弱化（エリア）,Disminuye ataque (Área),ลดพลังโจมตีหมู่,Melemahkan Serangan (Area),,减少团队攻击,減少攻擊（區域）,Nagbababa ng Atake(Malawakan),Giảm tấn công (khu vực)
SKILL_NAME_210004,Increases Attack,공격 강화,Aumento de Ataque,ATK強化,Incremento de ataque,เพิ่มพลังโจมตี,Meningkatkan Serangan,,攻击增加,增加攻擊,Nag tataas ng Atake,Tăng tấn công
SKILL_NAME_220000,Defense Increase,방어 강화,Aumento de Defesa,DEF強化,Incremento de defensa,เพิ่มพลังป้องกัน,Meningkatkan Pertahanan,,减少防御,防禦力增加,Nag tataas ng Depensa,Tăng quốc phòng
SKILL_NAME_220001,Increases Defense (Area),방어 강화(전체),Aumento de Defesa (Área),DEF強化（エリア）,Incremento de defensa (Área),เพิ่มพลังป้องกันหมู่,Meningkatkan Pertahanan (Area),,增加团队防御,增加防禦（區域）,Nag tataas ng Depensa(Malawakan),Tăng khả năng phòng thủ (khu vực)
SKILL_NAME_220002,Decreases Defense,방어 약화,Redução de Defesa,DEF弱化,Disminuye Defensa,ลดพลังป้องกัน,Melemahkan Pertahanan,,减少防御,減少防禦,Nagbababa ng Dipensa,Giảm phòng thủ
SKILL_NAME_220003,Decreases Defense (Area),방어 약화(전체),Redução de Defesa (Área),DEF弱化（エリア）,Disminuye Defensa (Área),ลดพลังป้องกันหมู่,Melemahkan Pertahanan (Area),,减少团队防御,減少防禦（區域）,Nagbababa ng Dipensa(Malawakan),Giảm quốc phòng (khu vực)
SKILL_NAME_220004,Increases Defense,방어 강화,Aumento de Defesa,DEF強化,Incrementa Defensa,เพิ่มพลังป้องกัน,Meningkatkan Pertahanan,,减少防御,增加防禦,Nag tataas ng Depensa,Tăng khả năng phòng thủ
SKILL_NAME_230000,Increases Critical,치명 증가,Aumento de Crítico,CRIT強化,Incrementa Crítico,เพิ่มอัตตราคริติคอล,Meningkatkan Peluang Critical,,暴击增加,增加暴擊,Nag tataas ng Kritikal,Tăng quan trọng
SKILL_NAME_230001,Increases Critical (Area),치명 증가(전체),Aumento de Crítico (Área),CRIT強化（エリア）,Incrementa Crítico (Área),เพิ่มอัตตราคริติคอลหมู่,Meningkatkan Peluang Critical (Area),,团队暴击增加,增加暴擊（區域）,Nag tataas ng Kritikal(Malawakan),Tăng quan trọng (khu vực)
SKILL_NAME_230002,Decreases Critical,치명 감소,Redução de Crítico,CRIT弱化,Disminuye Crítico,ลดอัตตราคริติคอล,Menunrunkan Peluang Critical,,暴击减少,減少暴擊,Nagbababa ng Kritikal,Giảm quan trọng
SKILL_NAME_230003,Decreases Critical (Area),치명 감소(전체),Redução de Crítico (Área),CRIT弱化（エリア）,Disminuye Críico (Área),ลดอัตตราคริติคอลหมู่,Menunrunkan Peluang Critical (Area),,团队暴击减少,減少暴擊（面積）,Nagbababa ng Kritial(Malawakan),Giảm quan trọng (khu vực)
SKILL_NAME_230004,Increases Critical,치명 증가,Aumento de Crítico,CRIT強化,Incrementa Crítico,เพิ่มอัตตราคริติคอล,Meningkatkan Peluang Critical,,暴击增加,增加暴擊,Nag tataas ng Kritikal,Tăng quan trọng
SKILL_NAME_240000,Increase Hit,명중 증가,Aumento de Hit,HIT強化,Aumento de golpe,เพิ่มความแม่นยำ,Meningkatkan Hit,,命中增加,增加命中,Nag tataas ng Pagtama,Tăng hit
SKILL_NAME_240001,Increase Hit (Area),명중 증가(전체),Aumento de Hit (Área),HIT強化（エリア）,Aumeno de golpe (Área),เพิ่มความแม่นยำหมู่,Meningkatkan Hit (Area),,团队命中增加,增加命中（區域）,Nag tataas ng Pagtama(Malawakan),Tăng Hit (Khu vực)
SKILL_NAME_240002,Hit Reduction,명중 감소,Redução de Hit,HIT弱化,Reducción de golpe,ลดความแม่นยำ,Menurunkan Hit,,命中减少,命中减少,Nagbababa ng Pagtama,Giảm xuống
SKILL_NAME_240003,Decreases Hit (Area),명중 감소(전체),Redução de Hit (Área),HIT弱化（エリア）,Reducción de golpe(Área),ลดความแม่นยำหมู่,Menurunkan Hit (Area),,团队命中减少,減少命中（區域）,Nagbababa ng Pagtama(Malawakan),Giảm hit (khu vực)
SKILL_NAME_240004,Increase Hit,명중 증가,Aumento de Hit,HIT強化,Aumento de golpe,เพิ่มความแม่นยำ,Meningkatkan Hit,,命中增加,增加命中,Nag tataas ng Pagtama,Tăng hit
SKILL_NAME_250000,Increases Speed,속도 증가,Aumento d Velocidade,SPEED強化,Aumeno de velocidad,เพิ่มความเร็ว,Meningkatkan Kecepatan,,速度增加,提高速度,Nagpapabilis,Tăng tốc độ
SKILL_NAME_250001,Increases Speed (Area),속도 증가(전체),Aumento de Velocidade (Área),SPEED強化（エリア）,Aumento de velocidad (Área),เพิ่มความเร็วหมู่,Meningkatkan Kecepatan (Area),,增加团队速度,提高速度（區域）,Nagpapabilis(Malawakan),Tăng tốc độ (diện tích)
SKILL_NAME_250002,Decreases Speed,속도 감소,Redução de Velocidade,SPEED弱化,Reducción de velocidad,ลดความเร็ว,Menurunkan Kecepatan,,减少速度,降低速度,Nagpapabagal,Giảm tốc độ
SKILL_NAME_250003,Decreases Speed (Area),속도 감소(전체),Redução de Velocidade (Área),SPEED弱化（エリア）,Redución de velocidad (Área),ลดความเร็วหมู่,Menurunkan Kecepatan (Area),,减少团队速度,降低速度（區域）,Nagpapabagal(Malawakan),Giảm tốc độ (diện tích)
SKILL_NAME_250004,Increases Speed,속도 증가,Aumento d Velocidade,SPEED強化,Aumento de velocidad (Área),เพิ่มความเร็ว,Meningkatkan Kecepatan,,速度增加,提高速度,Nagpapabilis,Tăng tốc độ
SKILL_NAME_300000,Heal,힐,Cura,ヒール,Sanar,ฟื้นฟูเลือด,Menyembuhkan,,治愈,癒合,Hilom,Chữa lành
SKILL_NAME_300001,Heal (Area),힐(전체),Cura (Área),ヒール（エリア）,Sanar (Área),ฟื้นฟูเลือดหมู่,Menyembuhkan (Area),,团队治愈,治愈（區域）,Maghilom (Malawakan),Chữa lành (khu vực)
SKILL_NAME_400000,SS All Stats,SS 올스텟,SS All Stats,SS All Stats,SS Todas las estadísticas,SS All Stats,SS All Stats,SS All Stats,SS All Stats,SS所有屬性,SS All Stats,SS tất cả các số liệu thống kê
SKILL_NAME_400001,SS ATK CRI,SS 공격 치명,SS ATK CRI,SS ATK CRI,SS ATQ CRI,SS ATK CRI,SS ATK CRI,SS ATK CRI,SS ATK CRI,SS ATK CRI,SS ATK CRI,SS ATK CRI
SKILL_NAME_400002,SS DEF CRI,SS 방어 치명,SS DEF CRI,SS DEF CRI,SS DEF CRI,SS DEF CRI,SS DEF CRI,SS DEF CRI,SS DEF CRI,SS DEF CRI,SS DEF CRI,SS def cri
SKILL_NAME_400003,SS SPD CRI,SS 속도 치명,SS SPD CRI,SS SPD CRI,SS VEL CRI,SS SPD CRI,SS SPD CRI,SS SPD CRI,SS SPD CRI,SS SPD CRI,SS SPD CRI,SS SPD CRI
SKILL_NAME_400004,SS HIT CRI,SS 명중 치명,SS HIT CRI,SS HIT CRI,SS HIT CRI,SS HIT CRI,SS HIT CRI,SS HIT CRI,SS HIT CRI,SS HIT CRI,SS HIT CRI,SS đánh cri
SKILL_NAME_400005,S All Stats,S 올스텟,S All Stats,S All Stats,S Todas las estadísticas,S All Stats,S All Stats,S All Stats,S All Stats,S所有屬性,S All Stats,S tất cả các số liệu thống kê
SKILL_NAME_400006,S ATK CRI,S 공격 치명,S ATK CRI,S ATK CRI,S ATQ CRI,S ATK CRI,S ATK CRI,S ATK CRI,S ATK CRI,S ATK CRI,S ATK CRI,S atk cri
SKILL_NAME_400007,S DEF CRI,S 방어 치명,S DEF CRI,S DEF CRI,S DEF CRI,S DEF CRI,S DEF CRI,S DEF CRI,S DEF CRI,S DEF CRI,S DEF CRI,S def cri
SKILL_NAME_400008,S SPD CRI,S 속도 치명,S SPD CRI,S SPD CRI,S VEL CRI,S SPD CRI,S SPD CRI,S SPD CRI,S SPD CRI,S SPD CRI,S SPD CRI,S spd cri
SKILL_NAME_400009,S HIT CRI,S 명중 치명,S HIT CRI,S HIT CRI,S HIT CRI,S HIT CRI,S HIT CRI,S HIT CRI,S HIT CRI,S HIT CRI,S HIT CRI,S Hit cri
SKILL_NAME_400010,S ATK DEF CRI,S 공격 방어 치명,S ATK DEF CRI,S ATK DEF CRI,S ATQ DEF CRI,S ATK DEF CRI,S ATK DEF CRI,S ATK DEF CRI,S ATK DEF CRI,S ATK DEF CRI,S ATK DEF CRI,S atk def cri
SKILL_NAME_400011,S ATK SPD CRI,S 공격 속도 치명,S ATK SPD CRI,S ATK SPD CRI,S ATQ VEL CRI,S ATK SPD CRI,S ATK SPD CRI,S ATK SPD CRI,S ATK SPD CRI,S ATK SPD CRI,S ATK SPD CRI,S atk spd cri
SKILL_NAME_400012,S ATK HIT CRI,S 공격 명중 치명,S ATK HIT CRI,S ATK HIT CRI,S ATQ HIT CRI,S ATK HIT CRI,S ATK HIT CRI,S ATK HIT CRI,S ATK HIT CRI,S ATK HIT CRI,S ATK HIT CRI,S atk hit cri
SKILL_NAME_400013,S DEF SPD CRI,S 방어 속도 치명,S DEF SPD CRI,S DEF SPD CRI,S DEF VEL CRI,S DEF SPD CRI,S DEF SPD CRI,S DEF SPD CRI,S DEF SPD CRI,S DEF SPD CRI,S DEF SPD CRI,S def spd cri
SKILL_NAME_400014,S DEF HIT CRI,S 방어 명중 치명,S DEF HIT CRI,S DEF HIT CRI,S DEF HIT CRI,S DEF HIT CRI,S DEF HIT CRI,S DEF HIT CRI,S DEF HIT CRI,S DEF HIT CRI,S DEF HIT CRI,S def hit cri
SKILL_NAME_400015,A All Stats,A 올스텟,A All Stats,A All Stats,A Todas las estadísticas,A All Stats,A All Stats,A All Stats,A All Stats,A所有屬性,A All Stats,Một số liệu thống kê
SKILL_NAME_400016,A ATK,A 공격,A ATK,A ATK,A ATQ,A ATK,A ATK,A ATK,A ATK,A ATK,A ATK,A ATK
SKILL_NAME_400017,A DEF,A 방어,A DEF,A DEF,A DEF,A DEF,A DEF,A DEF,A DEF,A DEF,A DEF,Một def
SKILL_NAME_400018,A SPD,A 속도,A SPD,A SPD,A VEL,A SPD,A SPD,A SPD,A SPD,A SPD,A SPD,Một spd
SKILL_NAME_400019,A HIT,A 명중,A HIT,A HIT,A HIT,A HIT,A HIT,A HIT,A HIT,A HIT,A HIT,CÚ ĐÁNH
SKILL_NAME_400020,A ATK DEF,A 공격 방어,A ATK DEF,A ATK DEF,A ATQ DEF,A ATK DEF,A ATK DEF,A ATK DEF,A ATK DEF,A ATK DEF,A ATK DEF,A ATK def
SKILL_NAME_400021,A ATK HIT,A 공격 명중,A ATK HIT,A ATK HIT,A ATQ HIT,A ATK HIT,A ATK HIT,A ATK HIT,A ATK HIT,A ATK HIT,A ATK HIT,Một cú đánh ATK
SKILL_NAME_400022,A ATK SPD,A 공격 속도,A ATK SPD,A ATK SPD,A ATQ VEL,A ATK SPD,A ATK SPD,A ATK SPD,A ATK SPD,A ATK SPD,A ATK SPD,A ATK SPD
SKILL_NAME_400023,A DEF HIT,A 방어 명중,A DEF HIT,A DEF HIT,A DEF HIT,A DEF HIT,A DEF HIT,A DEF HIT,A DEF HIT,A DEF HIT,A DEF HIT,Một hit def
SKILL_NAME_400024,A DEF SPD,A 방어 속도,A DEF SPD,A DEF SPD,A DEF VEL,A DEF SPD,A DEF SPD,A DEF SPD,A DEF SPD,A DEF SPD,A DEF SPD,Một spd def
SKILL_NAME_400025,A HIT SPD,A 명중 속도,A HIT SPD,A HIT SPD,A HIT VEL,A HIT SPD,A HIT SPD,A HIT SPD,A HIT SPD,A HIT SPD,A HIT SPD,Một spd hit
SKILL_NAME_400026,A ATK DEF HIT,A 공격 방어 명중,A ATK DEF HIT,A ATK DEF HIT,A ATQ DEF HIT,A ATK DEF HIT,A ATK DEF HIT,A ATK DEF HIT,A ATK DEF HIT,A ATK DEF HIT,A ATK DEF HIT,A ATK Def Hit
SKILL_NAME_400027,A ATK DEF SPD,A 공격 방어 속도,A ATK DEF SPD,A ATK DEF SPD,A ATQ DEF VEL,A ATK DEF SPD,A ATK DEF SPD,A ATK DEF SPD,A ATK DEF SPD,A ATK DEF SPD,A ATK DEF SPD,A ATK Def SPD
SKILL_NAME_400028,A ATK HIT SPD,A 공격 명중 속도,A ATK HIT SPD,A ATK HIT SPD,A ATQ HIT VEL,A ATK HIT SPD,A ATK HIT SPD,A ATK HIT SPD,A ATK HIT SPD,A ATK HIT SPD,A ATK HIT SPD,A ATK HIT SPD
SKILL_NAME_400029,A DEF HIT SPD,A 방어 명중 속도,A DEF HIT SPD,A DEF HIT SPD,A DEF HIT VEL,A DEF HIT SPD,A DEF HIT SPD,A DEF HIT SPD,A DEF HIT SPD,A DEF HIT SPD,A DEF HIT SPD,Một hit spd
SKILL_NAME_400030,B All Stats,B 올스텟,B All Stats,B All Stats,B a todas las estadisticas,B All Stats,B All Stats,B All Stats,B All Stats,B 所有屬性,B Lahat ng Estadistika,B tất cả các số liệu thống kê
SKILL_NAME_400031,B ATK,B 공격,B ATK,B ATK,B ATQ,B ATK,B ATK,B ATK,B ATK,B ATK,B ATK,B ATK
SKILL_NAME_400032,B DEF,B 방어,B DEF,B DEF,B DEF,B DEF,B DEF,B DEF,B DEF,B DEF,B DEF,B def
SKILL_NAME_400033,B SPD,B 속도,B SPD,B SPD,B VEL,B SPD,B SPD,B SPD,B SPD,B SPD,B SPD,B SPD
SKILL_NAME_400034,B HIT,B 명중,B HIT,B HIT,B HIT,B HIT,B HIT,B HIT,B HIT,B HIT,B HIT,B đánh
SKILL_NAME_400035,B CRI,B 치명,B CRI,B CRI,B CRI,B CRI,B CRI,B CRI,B CRI,B CRI,B CRI,B cri
SKILL_NAME_400036,B ATK DEF,B 공격 방어,B ATK DEF,B ATK DEF,B ATQ DEF,B ATK DEF,B ATK DEF,B ATK DEF,B ATK DEF,B ATK DEF,B ATK DEF,B Atk def
SKILL_NAME_400037,B ATK HIT,B 공격 명중,B ATK HIT,B ATK HIT,B ATQ HIT,B ATK HIT,B ATK HIT,B ATK HIT,B ATK HIT,B ATK HIT,B ATK HIT,B atk đánh
SKILL_NAME_400038,B ATK SPD,B 공격 속도,B ATK SPD,B ATK SPD,B ATQ VEL,B ATK SPD,B ATK SPD,B ATK SPD,B ATK SPD,B ATK SPD,B ATK SPD,B ATK SPD
SKILL_NAME_400039,B ATK CRI,B 공격 치명,B ATK CRI,B ATK CRI,B ATQ CRI,B ATK CRI,B ATK CRI,B ATK CRI,B ATK CRI,B ATK CRI,B ATK CRI,B ATK CRI
SKILL_NAME_400040,B DEF HIT,B 방어 명중,B DEF HIT,B DEF HIT,B DEF HIT,B DEF HIT,B DEF HIT,B DEF HIT,B DEF HIT,B DEF HIT,B DEF HIT,B hit hit
SKILL_NAME_400041,B DEF SPD,B 방어 속도,B DEF SPD,B DEF SPD,B DEF VEL,B DEF SPD,B DEF SPD,B DEF SPD,B DEF SPD,B DEF SPD,B DEF SPD,B DEF SPD
SKILL_NAME_400042,B DEF CRI,B 방어 치명,B DEF CRI,B DEF CRI,B DEF CRI,B DEF CRI,B DEF CRI,B DEF CRI,B DEF CRI,B DEF CRI,B DEF CRI,B def cri
SKILL_NAME_400043,B HIT SPD,B 명중 속도,B HIT SPD,B HIT SPD,B HIT VEL,B HIT SPD,B HIT SPD,B HIT SPD,B HIT SPD,B HIT SPD,B HIT SPD,B HIT SPD
SKILL_NAME_400044,B HIT CRI,B 명중 치명,B HIT CRI,B HIT CRI,B HIT CRI,B HIT CRI,B HIT CRI,B HIT CRI,B HIT CRI,B HIT CRI,B HIT CRI,B Hit cri
SKILL_NAME_400045,B SPD CRI,B 속도 치명,B SPD CRI,B SPD CRI,B SPD CRI,B SPD CRI,B SPD CRI,B SPD CRI,B SPD CRI,B SPD CRI,B SPD CRI,B SPD CRI
SKILL_NAME_400046,B ATK DEF CRI,B 공격 방어 명중,B ATK DEF CRI,B ATK DEF CRI,B ATQ DEF CRI,B ATK DEF CRI,B ATK DEF CRI,B ATK DEF CRI,B ATK DEF CRI,B ATK DEF CRI,B ATK DEF CRI,B atk def cri
SKILL_NAME_400047,B ATK DEF SPD,B 공격 방어 속도,B ATK DEF SPD,B ATK DEF SPD,B ATQ DEF VEL,B ATK DEF SPD,B ATK DEF SPD,B ATK DEF SPD,B ATK DEF SPD,B ATK DEF SPD,B ATK DEF SPD,B ATK DEF SPD
SKILL_NAME_400048,B ATK DEF CRI,B 공격 방어 치명,B ATK DEF CRI,B ATK DEF CRI,B ATQ DEF CRI,B ATK DEF CRI,B ATK DEF CRI,B ATK DEF CRI,B ATK DEF CRI,B ATK DEF CRI,B ATK DEF CRI,B atk def cri
SKILL_NAME_400049,B ATK HIT SPD,B 공격 명중 속도,B ATK HIT SPD,B ATK HIT SPD,B ATQ HIT VEL,B ATK HIT SPD,B ATK HIT SPD,B ATK HIT SPD,B ATK HIT SPD,B ATK HIT SPD,B ATK HIT SPD,B atk hit spd
SKILL_NAME_400050,B ATK HIT CRI,B 공격 명중 치명,B ATK HIT CRI,B ATK HIT CRI,B ATQ HIT CRI,B ATK HIT CRI,B ATK HIT CRI,B ATK HIT CRI,B ATK HIT CRI,B ATK HIT CRI,B ATK HIT CRI,B atk hit cri
SKILL_NAME_400051,B ATK SPD CRI,B 공격 속도 치명,B ATK SPD CRI,B ATK SPD CRI,B ATQ VEL CRI,B ATK SPD CRI,B ATK SPD CRI,B ATK SPD CRI,B ATK SPD CRI,B ATK SPD CRI,B ATK SPD CRI,B ATK SPD CRI
SKILL_NAME_400052,B DEF HIT SPD,B 방어 명중 속도,B DEF HIT SPD,B DEF HIT SPD,B DEF HIT VEL,B DEF HIT SPD,B DEF HIT SPD,B DEF HIT SPD,B DEF HIT SPD,B DEF HIT SPD,B DEF HIT SPD,B def hit spd
SKILL_NAME_400053,B DEF HIT CRI,B 방어명중 치명,B DEF HIT CRI,B DEF HIT CRI,B DEF HIT CRI,B DEF HIT CRI,B DEF HIT CRI,B DEF HIT CRI,B DEF HIT CRI,B DEF HIT CRI,B DEF HIT CRI,B def hit cri
SKILL_NAME_400054,B DEF SPD CRI,B 방어 속도 치명,B DEF SPD CRI,B DEF SPD CRI,B DEF VEL CRI,B DEF SPD CRI,B DEF SPD CRI,B DEF SPD CRI,B DEF SPD CRI,B DEF SPD CRI,B DEF SPD CRI,B def spd cri
SKILL_NAME_400055,B HIT SPD CRI,B 명중 속도 치명,B HIT SPD CRI,B HIT SPD CRI,B HIT VEL CRI,B HIT SPD CRI,B HIT SPD CRI,B HIT SPD CRI,B HIT SPD CRI,B HIT SPD CRI,B HIT SPD CRI,B HIT SPD CRI
SKILL_NAME_500001,Rage,분노,Raiva,憤怒,Rabia,ความโกรธ,Kemarahan,Ярость,愤怒,憤怒,Galit,Cơn thịnh nộ
SKILL_NAME_500002,Bite,물어뜯기,Mordida,噛む,Morder,กัด,Menggigit,Кусать,咬伤,咬,Kagat,Cắn
SKILL_NAME_500003,Scratching,할퀴기,Arranhando,スクラッチ,Arañazo,ข่วน,Goresan,Царапание,刮擦,刮擦,Kumakalmot,Gãi
SKILL_NAME_500004,Scratching,할퀴기,Arranhando,スクラッチ,Arañazo,ข่วน,Goresan,Царапание,刮擦,刮擦,Kumakalmot,Gãi
SKILL_NAME_500005,Scratching,할퀴기,Arranhando,スクラッチ,Arañazo,ข่วน,Goresan,Царапание,刮擦,刮擦,Kumakalmot,Gãi
SKILL_NAME_510001,Berserk,광폭화,Berserk,バーサーク,Enfurecido,บ้าคลั่ง,Pengamuk,Берсерк,狂战士,狂戰士,Harumentado,Berserk
SKILL_NAME_510002,Berserk,광폭화,Berserk,バーサーク,enfurecido,บ้าคลั่ง,Pengamuk,Берсерк,狂战士,狂戰士,Harumentado,Berserk
SKILL_NAME_510003,Berserk,광폭화,Berserk,バーサーク,enfurecido,บ้าคลั่ง,Pengamuk,Берсерк,狂战士,狂戰士,Harumentado,Berserk
SKILL_NAME_510004,Berserk,광폭화,Berserk,バーサーク,Enfurecido,บ้าคลั่ง,Pengamuk,Берсерк,狂战士,狂戰士,Harumentado,Berserk
SKILL_NAME_510005,Berserk,광폭화,Berserk,バーサーク,Enfurecido,บ้าคลั่ง,Pengamuk,Берсерк,狂战士,狂戰士,Harumentado,Berserk
SKILL_NAME_600001,Bleeding,출혈,Sangramento,出血,Sangrado,เลือดออก,Berdarah,Кровотечение,流血的,流血的,Nagdurugo,Sự chảy máu
SKILL_NAME_700002,Damage reduction,피해 감소,Redução de danos,被害軽減,Reducción de daño,ลดความเสียหาย,Pengurangan kerusakan,Снижение урона,减少伤害,減少傷害,Kabawasan ng pinsala,Giảm thiệt hại
SKILL_NAME_700003,Crit Damage Increase,치명 데미지 증가,,クリティカルダメージ増加,Incremento de daño Crítico,เพิ่มพลังโจมตีคริติคอล,,,,暴擊傷害增加,Taasan ang Kritikal na pinsala,Crit tăng thiệt hại
SKILL_NAME_500011,Rage,분노,Raiva,怒り,Rabia,ความโกรธ,Kemarahan,Ярость,愤怒,憤怒,Galit,Cơn thịnh nộ
SKILL_NAME_500012,Corrosion,부식,Corrosão,腐食,Corrosión,การกัดกร่อน,Korosi,Коррозия,腐蚀,腐蝕,Korosyon,Ăn mòn
SKILL_NAME_500013,Multi Attack,연타,Multi ataque,連打,Ataque Múltiple,โจมตีหลายครั้ง,Serangan multi,Многотация,多攻击,多攻擊,Madaming Atake,Đa tấn công
SKILL_NAME_500014,Wrath,진노,Fúria,怒り,Ira,พลังความโกรธแค้น,Murka,Гнев,怒火,憤怒,Poot,Cơn thịnh nộ
SKILL_NAME_500015,Wrath,진노,Fúria,怒り,Ira,พลังความโกรธแค้น,Murka,Гнев,怒火,憤怒,Poot,Cơn thịnh nộ
SKILL_NAME_500016,Wrath,진노,Fúria,怒り,Ira,พลังความโกรธแค้น,Murka,Гнев,怒火,憤怒,Poot,Cơn thịnh nộ
SKILL_NAME_110006,Magma Tsunami - ATK,용암 해일 - ATK,Tsunami de Magma - ATK,溶岩ウェーブ - ATK,Tsunami de Magma -ATQ,สึนามิลาวา - ATK,Tsunami Magma - ATK,Магма цунами - atk,岩浆海啸 - atk,岩漿海嘯 - atk,Magma ng Tsunami - ATK,MAGMA TSUNAMI - ATK
SKILL_NAME_110007,Magma Tsunami - DEF,용암 해일 - DEF,Tsunami de Magma - DEF,溶岩ウェーブ - DEF,Tsunami de Magma- DEF,สึนามิลาวา - DEF,Tsunami Magma - DEF,Магма цунами - def,岩浆海啸 - def,岩漿海嘯-def,Magma ng Tsunami - DEF,Magma Tsunami - Def
SKILL_NAME_130006,Sand Storm - ATK,모래 폭풍 - ATK,Tempestade de areia - ATK,砂嵐 - ATK,Tormenta de arena - ATQ,พายุทราย - ATK,Sand Storm - ATK,Песчаная шторм - Atk,沙暴 - ATK,沙暴 - ATK,Bagyong Buhangin - ATK,Bão cát - ATK
SKILL_NAME_130007,Sand Storm - DEF,모래 폭풍 - DEF,Tempestade de areia - def,砂嵐 - DEF,Tormenta de arena - DEF,พายุทราย - DEF,Sand Storm - Def,Песчаная шторм - def,沙风暴 - 防御,沙暴 - 防禦,Bagyong Buhangin - DEF,Bão cát - Def
SKILL_NAME_210005,Increases Attack - DEF,공격 강화 - DEF,Aumenta o ataque - def,攻撃強化 - DEF,Ataque aumenta - DEF,เพิ่มการโจมตี - DEF,Meningkatkan Serangan - Def,Увеличивает атаку - def,增加攻击-DEF,增加攻擊-DEF,Nagtataas ng Atake- DEF,Tăng tấn công - def
SKILL_NAME_210006,Decreases Attack - HIT,공격 약화 - HIT,Diminui o ataque - acerto,攻撃弱化 - HIT,Disminuye el ataque - golpe,ลดการโจมตี - HIT,Mengurangi serangan - Hit,Уменьшает атаку - ударить,减少攻击 - 击中,減少攻擊 - HIT,Nagbababa ng Atake - HIT,Giảm tấn công - đánh
SKILL_NAME_210007,Decreases Attack - SPD,공격 약화 - SPD,Diminui o ataque - SPD,攻撃弱化 - SPD,Disminuye el ataque - VEL,ลดการโจมตี - SPD,Mengurangi serangan - SPD,Уменьшает атаку - SPD,减少攻击-SPD,減少攻擊-SPD,Nagbababa ng Atake - SPD,Giảm tấn công - SPD
SKILL_NAME_210008,Decreases Attack (Area) - ATK,공격 약화(전체) - ATK,Diminui o ataque (área) - ATK,攻撃弱化（エリア） - ATK,Disminuye el ataque (área) - ATQ,ลดการโจมตี (หมู่) - ATK,Mengurangi serangan (area) - ATK,Уменьшает атаку (область) - ATK,减少攻击（区域） - ATK,減少攻擊（區域） - ATK,Nagbababa ng Atake (Malawakan) - ATK,Giảm tấn công (khu vực) - ATK
SKILL_NAME_210009,Decreases Attack (Area) - DEF,공격 약화(전체) - DEF,Diminuição do ataque (área) - def,攻撃弱化（エリア） - DEF,Disminuye el ataque (área) - DEF,ลดการโจมตี (หมู่) - DEF,Mengurangi serangan (area) - def,Уменьшает атаку (область) - def,减少攻击（区域）-DEF,減少攻擊（區域）-DEF,Nagbababa ng Atake (Malawakan) - DEF,Giảm tấn công (khu vực) - Def
SKILL_NAME_210010,Decreases Attack - HP,공격 약화 - HP,Diminui o ataque - HP,攻撃弱化 - HP,Disminuye el ataque - HP,ลดการโจมตี - HP,Mengurangi serangan - HP,Уменьшает атаку - HP,减少攻击-HP,減少攻擊-HP,Nagbababa ng Atake- HP,Giảm tấn công - HP
SKILL_NAME_220005,Increases Defense - ATK,방어 강화 - ATK,Aumenta a defesa - ATK,防衛強化 - ATK,Aumenta la defensa - ATQ,เพิ่มการป้องกัน - ATK,Meningkatkan Pertahanan - ATK,Увеличивает защиту - ATK,增加防御 - ATK,增加防禦 - ATK,Nagtataas ng Depensa - ATK,Tăng khả năng phòng thủ - ATK
SKILL_NAME_220006,Decreases Defense - HP,방어 약화 - HP,Diminui a defesa - HP,防御強化 - HP,Disminuye la defensa - HP,ลดการป้องกัน - HP,Mengurangi Pertahanan - HP,Уменьшает защиту - HP,减少防守-HP,減少防禦-HP,Nagbababa ng Depensa - HP,Giảm quốc phòng - HP
SKILL_NAME_220007,Decreases Defense - HIT,방어 약화 - HIT,Diminui a defesa - acerto,防御弱化 - HIT,Disminuye la defensa - golpe,ลดการป้องกัน - HIT,Mengurangi pertahanan - hit,Уменьшает защиту - хит,减少防守 - 命中,減少防禦 - HIT,Nagbababa ng Depensa - HIT,Giảm quốc phòng - Hit
SKILL_NAME_220008,Decreases Defense - SPD,방어 약화 - SPD,Diminui a defesa - SPD,防御弱化 - SPD,Disminuye la defensa - VEL,ลดการป้องกัน - SPD,Mengurangi pertahanan - SPD,Уменьшает защиту - SPD,减少防御-SPD,減少防禦-SPD,Nagbababa ng Depensa - SPD,Giảm quốc phòng - SPD
SKILL_NAME_240005,Decreases Hit - SPD,명중 감소 - SPD,Diminui o acerto - spd,命中減少 - SPD,Disminuye el golpe - VEL,ลด HIT - SPD,Penurunan hit - SPD,Уменьшает удар - SPD,减少命中-SPD,減少命中-SPD,Nagbababa ng Pagtama - SPD,Giảm Hit - SPD
SKILL_NAME_250005,Decreases Speed - HP,속도 감소 - HP,Diminui a velocidade - hp,速度低下 - HP,Disminuye la velocidad - HP,ลดความเร็ว - HP,Mengurangi kecepatan - HP,Уменьшает скорость - HP,降低速度-HP,降低速度-HP,Nagpapabagal - HP,Giảm tốc độ - HP
SKILL_NAME_250006,Decreases Speed - HIT,속도 감소 - HIT,Diminui a velocidade - acerto,速度低下 - HIT,Disminuye la velocidad - golpe,ลดความเร็ว - HIT,Mengurangi Kecepatan - Hit,Уменьшает скорость - удар,降低速度 - 击中,降低速度 - HIT,Nagpapabagal - HIT,Giảm tốc độ - Hit
SKILL_NAME_260000,Armor Penetration - ATK,방어 무시 - ATK,Penetração de armadura - ATK,防御無視 - ATK,Penetración de armadura - ATQ,เจาะเกราะ - ATK,Penetrasi Armor - ATK,Проникновение брони - ATK,装甲穿透 - ATK,裝甲穿透 - ATK,Pagtagos sa Baluti - ATK,Sự thâm nhập áo giáp - ATK
SKILL_NAME_260001,Armor Penetration - DEF,방어 무시 - DEF,Penetração de armadura - def,防御無視 - DEF,Penetración de armadura - DEF,เจาะเกราะ - DEF,Penetrasi Armor - DEF,Проникновение брони - def,装甲穿透 - 防御,裝甲穿透 - DEF,Pagtagos sa Baluti - DEF,Sự thâm nhập áo giáp - def
SKILL_NAME_270000,Thorn - HP,가시 - HP,Thorn - HP,とげ - HP,Espina - HP,หนาม - HP,Thorn - HP,Торн - hp,荆棘-HP,荊棘-HP,Tinik - HP,Thorn - HP
SKILL_NAME_270001,Thorn - HIT,가시 - HIT,Thorn - Hit,とげ - HIT,Espina - hit,หนาม - HIT,Thorn - Hit,Торн - Хит,刺 - 命中,刺 - HIT,Tinik - HIT,Thorn - Hit
SKILL_NAME_270002,Thorn - SPD,가시 - SPD,Thorn - SPD,とげ - SPD,Espina - vel,หนาม - SPD,Thorn - Spd,Торн - Spd,刺 - spd,刺 - spd,Tinik - SPD,Thorn - spd
SKILL_NAME_300002,Heal - HP,회복 - HP,Heal - HP,回復 - HP,Sanar - HP,ฮีล - HP,Heal - HP,HELY - HP,治愈-HP,治愈-HP,Heal - HP,Chữa lành - HP
SKILL_NAME_300003,Heal - ATK,회복 - ATK,Heal - ATK,回復 - ATK,Sanar - ATQ,ฮีล - ATK,Heal - ATK,HELY - ATK,治愈-ATK,治愈 - ATK,Heal - ATK,Chữa lành - Atk
SKILL_NAME_300004,Heal - DEF,회복 - DEF,Heal - DEF,回復 - DEF,Sanar - DEF,ฮีล - DEF,Heal - DEF,HELY - DEF,治愈-DEF,治愈 - DEF,Heal - DEF,Chữa lành - def
SKILL_NAME_300005,Heal - HIT,회복 - HIT,Heal - HIT,回復 - HIT,Sanar - HIT,ฮีล - HIT,Heal - HIT,HELY - HIT,治愈-HIT,治愈 - HIT,Heal - HIT,Chữa lành - Hit
SKILL_NAME_300006,Heal - SPD,회복 - SPD,Heal - SPD,回復 - SPD,Sanar - VEL,ฮีล - SPD,Heal - SPD,HELY - SPD,治愈-SPD,治愈 - SPD,Heal - SPD,Chữa lành - SPD
SKILL_NAME_210011,Double edged sword,양날의 검,Espada de dois gumes,両刃の剣,Espada de doble filo,ดาบสองคม,Pedang bermata dua,Обоюдоострый меч,双剑,雙劍,Dobleng talim na tabak,Con dao hai lưỡi
SKILL_NAME_230005,Frenzied,광란,Frenético,狂乱,Frenético,บ้าคลั่ง,Hiruk -pikuk,Бешеный,丧心病狂,喪心病狂,Frenzied,Điên cuồng
SKILL_NAME_230006,Frenzied,광란,Frenético,狂乱,Frenético,บ้าคลั่ง,Hiruk -pikuk,Бешеный,丧心病狂,喪心病狂,Frenzied,Điên cuồng
SKILL_NAME_230007,Frenzied,광란,Frenético,狂乱,Frenético,บ้าคลั่ง,Hiruk -pikuk,Бешеный,丧心病狂,喪心病狂,Frenzied,Điên cuồng
SKILL_NAME_240006,Increase HIT,명중 증가,Aumento de Hit,HIT強化,Aumento de golpe,เพิ่มความแม่นยำ,Meningkatkan Hit,,命中增加,增加命中,Nag tataas ng Pagtama,Tăng hit
SKILL_NAME_110008,ATK-Based Total Damage - Adventure Specialized,ATK 기반 전체 데미지 - 어드벤쳐 특화,Dano total baseado em ATK - aventura especializada,ATK基盤エリア攻撃 - 冒険特化,Daño total basado en ATK - Aventura especializada,ความเสียหายทั้งหมดที่ใช้ ATK - Adventure Specialized,Total Damage Berbasis ATK - Petualangan Khusus,Общий ущерб на основе ATK - специализированные приключения,基于ATK的总伤害 - 冒险专业,基於ATK的總傷害 - 冒險專業,Kabuuang Pinsala na nakabase sa ATK - Dalubhasa sa Pakikipagsapalaran,Tổng thiệt hại dựa trên ATK - Chuyên gia phiêu lưu
SKILL_NAME_210012,ATK Reduction - Arena Specialized,ATK 감소 - 아레나 특화,Redução ATK - Arena especializada,ATK軽減 - アリーナ特化,Reducción de ATK - Arena especializada,ATK Reduction - Arena Specialized,ATK Reduction - Arena Khusus,Снижение ATK - Arena специализирована,ATK减少 - 竞技场专业,ATK減少 - 競技場專業,Pagbabawas ng ATK - Dalubhasa sa Arena,ATK Giảm - Đấu trường chuyên ngành
SKILL_NAME_700004,Stun,기절,Atordoar,気絶,Aturdir,ทำให้ตกใจ,Setrum,Оглушающий,昏迷,昏迷,Nakamamatay,Choáng
SKILL_NAME_700005,Stun (Area),기절 (전체),Atordoamento (área),気絶（エリア）,Aturdimiento (área),สตัน (พื้นที่),Setrum (area),Огромный (область),眩晕（区域）,眩暈（區域）,Stun (Area),Choáng (Khu vực)
SKILL_NAME_700006,Vampiric,흡혈,Vampirico,吸血,Vampírico,เกี่ยวกับแวมไพร์,Vampir,Вампирийский,吸血鬼,吸血鬼,Vampiric,Hút máu
SKILL_NAME_700007,Concentration,집중,Concentração,集中,Enfoque,จุดประสงค์,Fokus,Сосредоточение,焦点,焦點,Pakikipokus,Tập Trung
SKILL_NAME_700008,Twin Attack,트윈어택,Ataque Duplo,ツインアタック,Ataque Doble,การโจมตีคู่,Serangan Ganda,Двойная Атака,双重攻击,雙重攻擊,Doble Atake,Tấn Công Đôi
SKILL_NAME_700009,Dispel,디스펠,Remoção,ディスペル,Dispersión,การยุติ,Pengusiran,Рассеивание,消散,分散,Pagtanggal,Xua Tan
SKILL_NAME_700010,Shatter,산산조각,ShatterStrike,粉々,Golpe Desgarrador,ชีวิตที่พัง,ShatterStrike,Раскол,破碎打击,破碎打擊,Pagpuputok,Đập Vỡ
SKILL_NAME_250007,Increases Speed - ATK,속도 강화 - ATK,Aumenta Velocidade - ATK,速度強化 - ATK,Aumenta la Velocidad - ATK,เพิ่มความเร็ว - ATK,Meningkatkan Kecepatan - ATK,Увеличение Скорости - АТК,增加速度 - 攻击,增加速度 - 攻擊,Nagpapataas ng Bilis - ATK,Tăng Tốc Độ - ATK
SKILL_NAME_240007,Decreases Hit - HP,명중 감소 - HP,Diminui o acerto - HP,命中減少 - HP,Disminuye el golpe - VEL,ลด HIT - HP,Penurunan hit - HP,Уменьшает удар - HP,减少命中-HP,減少命中-HP,Nagbababa ng Pagtama - HP,Giảm Hit - HP
SKILL_NAME_240008,Decreases Hit - HIT,명중 감소 - HIT,Diminui o acerto - HIT,命中減少 - HIT,Disminuye el golpe - VEL,ลด HIT - HIT,Penurunan hit - HIT,Уменьшает удар - HIT,减少命中-HIT,減少命中-HIT,Nagbababa ng Pagtama - HIT,Giảm Hit - HIT
SKILL_NAME_700011,Dispel,디스펠,Remoção,ディスペル,Dispersión,การยุติ,Pengusiran,Рассеивание,消散,分散,Pagtanggal,Loại bỏ
SKILL_NAME_700012,Ice Shield,얼음 방패,Escudo de Gelo,氷の盾,Escudo de Hielo,โล่น้ำแข็ง,Perisai Es,Ледяной Щит,冰盾,冰盾,Kalasag ng Yelo,Khiên Băng
SKILL_NAME_700013,Ice Shield,얼음 방패,Escudo de Gelo,氷の盾,Escudo de Hielo,โล่น้ำแข็ง,Perisai Es,Ледяной Щит,冰盾,冰盾,Kalasag ng Yelo,Khiên Băng
SKILL_NAME_700014,Ice Shield,얼음 방패,Escudo de Gelo,氷の盾,Escudo de Hielo,โล่น้ำแข็ง,Perisai Es,Ледяной Щит,冰盾,冰盾,Kalasag ng Yelo,Khiên Băng
SKILL_NAME_700015,Weakness,쇠약,Fraqueza,弱体,Debilidad,ความอ่อนแอ,Kelemahan,Слабость,虚弱,虛弱,Kahinaan,Yếu ớt